State,District,NFHS-4 Headcount Ratio,NFHS-4 MPI,NFHS-5 Headcount Ratio,NFHS-5 MPI
Andhra Pradesh,ANANTAPUR,12.47%,0.052,6.74%,0.027
Andhra Pradesh,CHITTOOR,9.64%,0.041,5.66%,0.022
Andhra Pradesh,EAST GODAVARI,8.51%,0.035,6.13%,0.027
Andhra Pradesh,GUNTUR,7.26%,0.03,4.36%,0.016
Andhra Pradesh,KRISHNA,8.69%,0.036,4.38%,0.017
Andhra Pradesh,KURNOOL,19.64%,0.09,12.84%,0.054
Andhra Pradesh,PRAKASAM,13.84%,0.063,6.28%,0.027
Andhra Pradesh,SPSR NELLORE,11.27%,0.049,5.41%,0.023
Andhra Pradesh,SRIKAKULAM,14.01%,0.058,5.20%,0.022
Andhra Pradesh,VISAKHAPATANAM,15.10%,0.071,7.60%,0.031
Andhra Pradesh,VIZIANAGARAM,19.00%,0.081,8.66%,0.035
Andhra Pradesh,WEST GODAVARI,9.11%,0.036,2.42%,0.01
Andhra Pradesh,Y.S.R. (KADAPA),9.14%,0.038,3.34%,0.013
Arunachal Pradesh,ANJAW,22.86%,0.098,13.09%,0.057
Arunachal Pradesh,CHANGLANG,26.47%,0.127,14.39%,0.063
Arunachal Pradesh,DIBANG VALLEY,16.95%,0.07,10.11%,0.043
Arunachal Pradesh,EAST KAMENG,44.03%,0.215,22.05%,0.095
Arunachal Pradesh,EAST SIANG,8.84%,0.037,8.11%,0.033
Arunachal Pradesh,KRA DAADI,,,18.91%,0.083
Arunachal Pradesh,KURUNG KUMEY,39.55%,0.188,11.14%,0.045
Arunachal Pradesh,LOHIT,31.97%,0.164,12.39%,0.053
Arunachal Pradesh,LONGDING,,,20.97%,0.092
Arunachal Pradesh,LOWER DIBANG VALLEY,23.56%,0.108,9.08%,0.037
Arunachal Pradesh,LOWER SUBANSIRI,15.80%,0.069,6.39%,0.025
Arunachal Pradesh,NAMSAI,,,22.11%,0.101
Arunachal Pradesh,PAPUM PARE,12.85%,0.059,13.76%,0.06
Arunachal Pradesh,SIANG,,,9.15%,0.036
Arunachal Pradesh,TAWANG,31.25%,0.143,8.46%,0.035
Arunachal Pradesh,TIRAP,28.30%,0.136,14.78%,0.067
Arunachal Pradesh,UPPER SIANG,15.88%,0.066,8.74%,0.035
Arunachal Pradesh,UPPER SUBANSIRI,29.78%,0.134,19.71%,0.083
Arunachal Pradesh,WEST KAMENG,22.44%,0.098,4.74%,0.019
Arunachal Pradesh,WEST SIANG,14.49%,0.065,13.85%,0.058
Assam,BAKSA,23.59%,0.102,15.60%,0.064
Assam,BARPETA,39.41%,0.183,19.12%,0.083
Assam,BISWANATH,,,22.09%,0.102
Assam,BONGAIGAON,33.77%,0.155,17.39%,0.075
Assam,CACHAR,42.29%,0.209,30.58%,0.14
Assam,CHARAIDEO,,,20.10%,0.095
Assam,CHIRANG,36.20%,0.165,16.79%,0.071
Assam,DARRANG,38.22%,0.189,23.65%,0.1
Assam,DHEMAJI,27.71%,0.125,13.73%,0.056
Assam,DHUBRI,51.06%,0.26,26.02%,0.116
Assam,DIBRUGARH,28.97%,0.136,12.26%,0.056
Assam,DIMA HASAO,31.07%,0.155,13.62%,0.061
Assam,GOALPARA,40.15%,0.203,18.34%,0.081
Assam,GOLAGHAT,20.60%,0.094,14.60%,0.065
Assam,HAILAKANDI,51.07%,0.251,36.22%,0.164
Assam,HOJAI,,,14.13%,0.059
Assam,JORHAT,20.24%,0.088,11.49%,0.051
Assam,KAMRUP,26.22%,0.118,12.71%,0.053
Assam,KAMRUP METRO,10.93%,0.051,5.63%,0.024
Assam,KARBI ANGLONG,37.59%,0.181,16.20%,0.068
Assam,KARIMGANJ,46.02%,0.223,32.93%,0.153
Assam,KOKRAJHAR,32.14%,0.148,18.92%,0.083
Assam,LAKHIMPUR,24.23%,0.113,14.06%,0.061
Assam,MAJULI,,,14.41%,0.056
Assam,MARIGAON,36.75%,0.175,22.46%,0.1
Assam,NAGAON,30.51%,0.144,20.84%,0.093
Assam,NALBARI,16.94%,0.076,11.24%,0.049
Assam,SIVASAGAR,25.55%,0.125,10.28%,0.044
Assam,SONITPUR,25.32%,0.118,19.94%,0.09
Assam,SOUTH SALMARA MANCACHAR,,,28.24%,0.131
Assam,TINSUKIA,36.70%,0.191,17.66%,0.081
Assam,UDALGURI,29.46%,0.132,19.16%,0.082
Assam,WEST KARBI ANGLONG,,,24.09%,0.107
Bihar,ARARIA,64.65%,0.356,52.07%,0.266
Bihar,ARWAL,52.18%,0.25,31.72%,0.149
Bihar,AURANGABAD,43.94%,0.206,26.80%,0.123
Bihar,BANKA,57.83%,0.291,38.22%,0.177
Bihar,BEGUSARAI,50.68%,0.259,28.28%,0.128
Bihar,BHAGALPUR,45.60%,0.237,27.40%,0.128
Bihar,BHOJPUR,40.50%,0.188,26.35%,0.121
Bihar,BUXAR,41.84%,0.19,26.00%,0.114
Bihar,DARBHANGA,56.45%,0.292,35.07%,0.172
Bihar,GAYA,54.67%,0.272,35.43%,0.169
Bihar,GOPALGANJ,42.75%,0.202,23.23%,0.1
Bihar,JAMUI,64.01%,0.324,47.19%,0.198
Bihar,JEHANABAD,45.41%,0.229,31.77%,0.147
Bihar,KAIMUR (BHABUA),44.48%,0.213,29.95%,0.132
Bihar,KATIHAR,62.38%,0.336,48.61%,0.215
Bihar,KHAGARIA,58.23%,0.317,41.38%,0.206
Bihar,KISHANGANJ,64.75%,0.349,45.55%,0.226
Bihar,LAKHISARAI,43.90%,0.222,31.46%,0.154
Bihar,MADHEPURA,64.43%,0.351,49.38%,0.226
Bihar,MADHUBANI,55.41%,0.283,33.91%,0.159
Bihar,MUNGER,40.73%,0.2,21.63%,0.101
Bihar,MUZAFFARPUR,48.00%,0.239,27.61%,0.127
Bihar,NALANDA,46.61%,0.236,30.02%,0.142
Bihar,NAWADA,51.72%,0.261,32.13%,0.147
Bihar,PASHCHIM CHAMPARAN,57.50%,0.304,36.67%,0.175
Bihar,PATNA,29.20%,0.138,23.09%,0.107
Bihar,PURBI CHAMPARAN,64.13%,0.338,36.39%,0.175
Bihar,PURNIA,63.31%,0.345,51.71%,0.262
Bihar,ROHTAS,40.74%,0.181,21.93%,0.095
Bihar,SAHARSA,61.46%,0.337,49.81%,0.244
Bihar,SAMASTIPUR,55.87%,0.294,37.36%,0.175
Bihar,SARAN,42.80%,0.207,27.74%,0.126
Bihar,SHEIKHPURA,52.70%,0.26,31.17%,0.15
Bihar,SHEOHAR,60.03%,0.311,33.80%,0.159
Bihar,SITAMARHI,63.46%,0.334,46.81%,0.2
Bihar,SIWAN,40.55%,0.187,17.41%,0.078
Bihar,SUPAUL,63.90%,0.331,47.25%,0.239
Bihar,VAISHALI,47.56%,0.232,29.22%,0.135
Chhattisgarh,BALOD,,,5.77%,0.022
Chhattisgarh,BALODA BAZAR,,,15.61%,0.066
Chhattisgarh,BALRAMPUR,,,32.45%,0.143
Chhattisgarh,BASTAR,46.95%,0.226,34.69%,0.159
Chhattisgarh,BEMETARA,,,17.26%,0.07
Chhattisgarh,BIJAPUR,41.20%,0.183,52.79%,0.262
Chhattisgarh,BILASPUR,25.66%,0.111,16.74%,0.068
Chhattisgarh,DANTEWADA,54.35%,0.288,29.53%,0.135
Chhattisgarh,DHAMTARI,18.59%,0.076,5.81%,0.023
Chhattisgarh,DURG,19.98%,0.084,3.55%,0.014
Chhattisgarh,GARIYABAND,,,17.14%,0.072
Chhattisgarh,JANJGIR-CHAMPA,23.16%,0.096,11.68%,0.046
Chhattisgarh,JASHPUR,45.85%,0.211,25.41%,0.107
Chhattisgarh,KABIRDHAM,39.56%,0.184,13.78%,0.057
Chhattisgarh,KONDAGAON,,,26.79%,0.117
Chhattisgarh,KORBA,31.85%,0.146,18.11%,0.077
Chhattisgarh,KOREA,38.24%,0.172,20.03%,0.085
Chhattisgarh,MAHASAMUND,29.85%,0.125,12.50%,0.051
Chhattisgarh,MUNGELI,,,15.31%,0.066
Chhattisgarh,NARAYANPUR,51.52%,0.255,36.65%,0.183
Chhattisgarh,RAIGARH,30.82%,0.134,19.08%,0.08
Chhattisgarh,RAIPUR,21.82%,0.095,8.73%,0.036
Chhattisgarh,RAJNANDGAON,23.14%,0.093,10.77%,0.043
Chhattisgarh,SUKMA,,,42.34%,0.205
Chhattisgarh,SURAJPUR,,,22.41%,0.095
Chhattisgarh,SURGUJA,47.37%,0.221,24.33%,0.107
Chhattisgarh,UTTAR BASTAR KANKER (KANKER),27.03%,0.117,13.90%,0.055
Goa,NORTH GOA,3.33%,0.014,0.84%,0.004
Goa,SOUTH GOA,4.37%,0.017,0.84%,0.003
Gujarat,AHMEDABAD,5.85%,0.024,5.49%,0.022
Gujarat,AMRELI,11.95%,0.051,7.47%,0.03
Gujarat,ANAND,14.81%,0.062,10.47%,0.044
Gujarat,ARVALLI,,,19.19%,0.08
Gujarat,BANAS KANTHA,31.24%,0.144,23.83%,0.11
Gujarat,BHARUCH,17.38%,0.076,12.28%,0.051
Gujarat,BHAVNAGAR,17.90%,0.075,12.12%,0.053
Gujarat,BOTAD,,,9.77%,0.043
Gujarat,CHHOTAUDEPUR,,,25.24%,0.116
Gujarat,DANG,57.33%,0.278,26.61%,0.113
Gujarat,DEVBHUMI DWARKA,,,17.93%,0.078
Gujarat,DOHAD,54.93%,0.258,38.27%,0.174
Gujarat,GANDHINAGAR,16.57%,0.078,5.66%,0.023
Gujarat,GIR SOMNATH,,,9.41%,0.037
Gujarat,JAMNAGAR,13.05%,0.06,7.16%,0.031
Gujarat,JUNAGADH,10.08%,0.044,7.02%,0.03
Gujarat,KACHCHH,28.30%,0.141,10.52%,0.047
Gujarat,KHEDA,25.50%,0.108,17.06%,0.07
Gujarat,MAHESANA,10.43%,0.046,9.11%,0.04
Gujarat,MAHISAGAR,,,16.72%,0.068
Gujarat,MORBI,,,8.60%,0.036
Gujarat,NARMADA,37.11%,0.161,22.62%,0.099
Gujarat,NAVSARI,9.75%,0.041,4.84%,0.02
Gujarat,PANCH MAHALS,41.52%,0.189,18.11%,0.076
Gujarat,PATAN,21.10%,0.093,12.93%,0.054
Gujarat,PORBANDAR,8.45%,0.036,4.07%,0.016
Gujarat,RAJKOT,8.57%,0.037,3.98%,0.016
Gujarat,SABAR KANTHA,24.85%,0.108,19.96%,0.095
Gujarat,SURAT,9.22%,0.041,5.29%,0.022
Gujarat,SURENDRANAGAR,24.97%,0.12,11.45%,0.048
Gujarat,TAPI,27.59%,0.114,16.03%,0.07
Gujarat,VADODARA,21.24%,0.098,6.53%,0.027
Gujarat,VALSAD,19.95%,0.096,8.11%,0.034
Haryana,AMBALA,1.99%,0.008,3.83%,0.016
Haryana,BHIWANI,12.78%,0.051,6.62%,0.026
Haryana,CHARKI DADRI,,,2.85%,0.012
Haryana,FARIDABAD,10.70%,0.047,7.42%,0.032
Haryana,FATEHABAD,11.02%,0.046,7.51%,0.031
Haryana,GURUGRAM,10.39%,0.044,3.29%,0.013
Haryana,HISAR,9.71%,0.039,5.62%,0.023
Haryana,JHAJJAR,5.82%,0.023,3.20%,0.013
Haryana,JIND,9.16%,0.036,7.42%,0.029
Haryana,KAITHAL,7.83%,0.033,3.62%,0.015
Haryana,KARNAL,6.40%,0.027,3.43%,0.014
Haryana,KURUKSHETRA,6.42%,0.027,4.60%,0.018
Haryana,MAHENDRAGARH,6.29%,0.024,5.04%,0.02
Haryana,NUH (MEWAT),62.50%,0.329,39.99%,0.195
Haryana,PALWAL,26.98%,0.126,14.71%,0.068
Haryana,PANCHKULA,2.47%,0.01,1.42%,0.006
Haryana,PANIPAT,8.12%,0.035,7.39%,0.03
Haryana,REWARI,11.08%,0.044,2.91%,0.012
Haryana,ROHTAK,13.72%,0.058,4.69%,0.02
Haryana,SIRSA,14.52%,0.06,7.16%,0.029
Haryana,SONIPAT,6.35%,0.025,4.01%,0.016
Haryana,YAMUNANAGAR,4.47%,0.019,4.70%,0.019
Himachal Pradesh,BILASPUR,7.54%,0.028,5.15%,0.02
Himachal Pradesh,CHAMBA,11.27%,0.046,9.99%,0.04
Himachal Pradesh,HAMIRPUR,4.43%,0.016,4.99%,0.02
Himachal Pradesh,KANGRA,5.88%,0.022,4.25%,0.017
Himachal Pradesh,KINNAUR,5.10%,0.02,3.95%,0.016
Himachal Pradesh,KULLU,8.97%,0.035,7.18%,0.028
Himachal Pradesh,LAHUL AND SPITI,7.72%,0.03,7.71%,0.029
Himachal Pradesh,MANDI,8.35%,0.033,4.47%,0.017
Himachal Pradesh,SHIMLA,7.46%,0.03,3.09%,0.013
Himachal Pradesh,SIRMAUR,10.88%,0.047,5.84%,0.024
Himachal Pradesh,SOLAN,9.10%,0.037,4.02%,0.016
Himachal Pradesh,UNA,5.00%,0.019,4.47%,0.023
Jharkhand,BOKARO,29.33%,0.13,15.28%,0.067
Jharkhand,CHATRA,60.74%,0.306,37.00%,0.177
Jharkhand,DEOGHAR,47.40%,0.221,37.04%,0.177
Jharkhand,DHANBAD,43.84%,0.125,17.09%,0.074
Jharkhand,DUMKA,52.93%,0.256,37.98%,0.178
Jharkhand,GARHWA,53.21%,0.257,35.84%,0.16
Jharkhand,GIRIDIH,47.97%,0.228,30.29%,0.133
Jharkhand,GODDA,49.00%,0.254,36.36%,0.168
Jharkhand,GUMLA,46.59%,0.22,30.76%,0.137
Jharkhand,HAZARIBAGH,43.70%,0.156,26.10%,0.11
Jharkhand,JAMTARA,50.62%,0.241,28.97%,0.129
Jharkhand,KHUNTI,48.65%,0.23,33.38%,0.152
Jharkhand,KODERMA,44.69%,0.146,28.21%,0.121
Jharkhand,LATEHAR,52.91%,0.267,41.68%,0.189
Jharkhand,LOHARDAGA,45.33%,0.213,22.71%,0.099
Jharkhand,PAKUR,60.66%,0.315,49.02%,0.244
Jharkhand,PALAMU,45.46%,0.232,32.34%,0.144
Jharkhand,PASHCHIMI SINGHBHUM (WEST SINGHBHUM),57.60%,0.31,50.42%,0.241
Jharkhand,PURBI SINGHBHUM (EAST SINGHBHUM),45.92%,0.11,15.10%,0.065
Jharkhand,RAMGARH,44.26%,0.131,18.06%,0.077
Jharkhand,RANCHI,27.60%,0.121,15.80%,0.065
Jharkhand,SAHEBGANJ,55.72%,0.293,50.20%,0.243
Jharkhand,SARAIKELA-KHARSAWAN,41.79%,0.194,23.16%,0.103
Jharkhand,SIMDEGA,49.98%,0.236,31.41%,0.139
Karnataka,BAGALKOTE,19.94%,0.087,10.85%,0.044
Karnataka,BANGALORE (BENGALURU URBAN),2.05%,0.008,1.47%,0.007
Karnataka,BANGALORE RURAL (BENGALURU RURAL),7.03%,0.028,0.99%,0.004
Karnataka,BELAGAVI,12.26%,0.049,9.41%,0.037
Karnataka,BELLARY (BALLARI),22.91%,0.106,12.22%,0.052
Karnataka,BIDAR,18.99%,0.079,11.25%,0.045
Karnataka,BIJAPUR (VIJAYAPURA),21.90%,0.093,16.30%,0.068
Karnataka,CHAMARAJANAGARA,18.45%,0.078,5.15%,0.021
Karnataka,CHIKKABALLAPURA,13.41%,0.056,3.39%,0.014
Karnataka,CHIKKAMAGALURU,9.98%,0.042,3.74%,0.015
Karnataka,CHITRADURGA,14.81%,0.061,5.84%,0.023
Karnataka,DAKSHINA KANNADA,6.69%,0.027,1.71%,0.006
Karnataka,DAVANGERE,11.46%,0.049,5.95%,0.023
Karnataka,DHARWAD,9.53%,0.038,5.71%,0.022
Karnataka,GADAG,19.50%,0.084,15.32%,0.062
Karnataka,GULBARGA (KALABURAGI),21.10%,0.094,18.63%,0.075
Karnataka,HASSAN,6.33%,0.026,2.43%,0.009
Karnataka,HAVERI,15.28%,0.063,11.38%,0.045
Karnataka,KODAGU,8.64%,0.038,4.67%,0.018
Karnataka,KOLAR,9.53%,0.038,1.78%,0.007
Karnataka,KOPPAL,24.31%,0.103,18.04%,0.078
Karnataka,MANDYA,6.30%,0.027,2.47%,0.009
Karnataka,MYSURU,7.79%,0.032,2.30%,0.008
Karnataka,RAICHUR,31.65%,0.144,20.19%,0.09
Karnataka,RAMANAGARA,8.73%,0.033,0.88%,0.004
Karnataka,SHIVAMOGGA,12.64%,0.052,3.39%,0.013
Karnataka,TUMAKURU,12.71%,0.052,4.69%,0.017
Karnataka,UDUPI,10.32%,0.043,4.13%,0.015
Karnataka,UTTARA KANNADA,13.21%,0.056,4.59%,0.018
Karnataka,YADGIR,41.67%,0.196,25.38%,0.116
Kerala,ALAPPUZHA,0.71%,0.003,0.10%,0.0
Kerala,ERNAKULAM,0.10%,0.0,0.00%,0.0
Kerala,IDUKKI,1.65%,0.006,1.11%,0.004
Kerala,KANNUR,0.44%,0.002,0.03%,0.0
Kerala,KASARAGOD,0.94%,0.005,1.70%,0.006
Kerala,KOLLAM,0.72%,0.003,0.04%,0.0
Kerala,KOTTAYAM,0.00%,0.0,0.14%,0.001
Kerala,KOZHIKODE,0.26%,0.001,0.68%,0.002
Kerala,MALAPPURAM,1.11%,0.004,0.85%,0.003
Kerala,PALAKKAD,0.62%,0.002,1.34%,0.005
Kerala,PATHANAMTHITTA,0.83%,0.004,0.42%,0.001
Kerala,THIRUVANANTHAPURAM,1.08%,0.004,0.52%,0.002
Kerala,THRISSUR,0.33%,0.001,0.03%,0.0
Kerala,WAYANAD,3.48%,0.014,2.82%,0.011
Madhya Pradesh,AGAR MALWA,,,15.01%,0.062
Madhya Pradesh,ALIRAJPUR,57.06%,0.407,40.25%,0.192
Madhya Pradesh,ANUPPUR,45.26%,0.189,20.04%,0.082
Madhya Pradesh,ASHOKNAGAR,42.78%,0.202,27.29%,0.119
Madhya Pradesh,BALAGHAT,40.06%,0.174,13.59%,0.055
Madhya Pradesh,BARWANI,57.27%,0.353,33.52%,0.167
Madhya Pradesh,BETUL,34.50%,0.162,21.18%,0.093
Madhya Pradesh,BHIND,33.18%,0.146,17.61%,0.076
Madhya Pradesh,BHOPAL,12.66%,0.057,6.75%,0.031
Madhya Pradesh,BURHANPUR,36.94%,0.193,18.60%,0.086
Madhya Pradesh,CHHATARPUR,48.78%,0.236,27.23%,0.116
Madhya Pradesh,CHHINDWARA,30.14%,0.139,14.37%,0.06
Madhya Pradesh,DAMOH,46.31%,0.215,27.39%,0.12
Madhya Pradesh,DATIA,34.24%,0.151,15.45%,0.065
Madhya Pradesh,DEWAS,29.67%,0.138,12.90%,0.054
Madhya Pradesh,DHAR,49.34%,0.199,18.31%,0.077
Madhya Pradesh,DINDORI,56.23%,0.266,34.57%,0.145
Madhya Pradesh,GUNA,45.67%,0.216,23.09%,0.105
Madhya Pradesh,GWALIOR,22.38%,0.099,9.75%,0.041
Madhya Pradesh,HARDA,33.11%,0.154,12.92%,0.058
Madhya Pradesh,HOSHANGABAD (NARMADAPURAM),24.72%,0.109,14.85%,0.062
Madhya Pradesh,INDORE,10.76%,0.049,5.83%,0.023
Madhya Pradesh,JABALPUR,19.50%,0.089,14.78%,0.057
Madhya Pradesh,JHABUA,68.86%,0.385,49.62%,0.243
Madhya Pradesh,KATNI,39.94%,0.181,21.84%,0.091
Madhya Pradesh,KHANDWA (EAST NIMAR),47.59%,0.202,15.15%,0.067
Madhya Pradesh,KHARGONE (WEST NIMAR),35.80%,0.176,17.99%,0.082
Madhya Pradesh,MANDLA,48.09%,0.227,28.28%,0.119
Madhya Pradesh,MANDSAUR,33.00%,0.149,18.38%,0.074
Madhya Pradesh,MORENA,32.36%,0.145,22.95%,0.099
Madhya Pradesh,NARSINGHPUR,30.55%,0.136,15.11%,0.063
Madhya Pradesh,NEEMUCH,31.87%,0.143,9.88%,0.041
Madhya Pradesh,PANNA,47.93%,0.204,32.43%,0.143
Madhya Pradesh,RAISEN,34.52%,0.155,13.78%,0.057
Madhya Pradesh,RAJGARH,45.95%,0.192,24.04%,0.107
Madhya Pradesh,RATLAM,48.43%,0.201,20.68%,0.091
Madhya Pradesh,REWA,44.76%,0.165,28.88%,0.133
Madhya Pradesh,SAGAR,40.07%,0.178,22.26%,0.092
Madhya Pradesh,SATNA,34.12%,0.15,19.01%,0.08
Madhya Pradesh,SEHORE,26.69%,0.124,12.28%,0.049
Madhya Pradesh,SEONI,44.50%,0.189,22.37%,0.094
Madhya Pradesh,SHAHDOL,43.47%,0.202,23.51%,0.099
Madhya Pradesh,SHAJAPUR,33.45%,0.153,14.70%,0.058
Madhya Pradesh,SHEOPUR,49.59%,0.247,38.00%,0.183
Madhya Pradesh,SHIVPURI,46.38%,0.214,27.92%,0.126
Madhya Pradesh,SIDHI,48.18%,0.254,33.07%,0.145
Madhya Pradesh,SINGRAULI,50.76%,0.264,31.32%,0.144
Madhya Pradesh,TIKAMGARH,45.88%,0.218,21.19%,0.089
Madhya Pradesh,UJJAIN,29.58%,0.135,14.38%,0.061
Madhya Pradesh,UMARIA,46.06%,0.209,23.14%,0.098
Madhya Pradesh,VIDISHA,48.64%,0.23,23.16%,0.102
Maharashtra,AHMEDNAGAR,15.40%,0.067,7.19%,0.027
Maharashtra,AKOLA,13.38%,0.054,6.09%,0.024
Maharashtra,AMRAVATI,12.24%,0.051,8.22%,0.033
Maharashtra,AURANGABAD,14.22%,0.061,9.45%,0.039
Maharashtra,BHANDARA,8.19%,0.032,5.85%,0.022
Maharashtra,BID (BEED),22.49%,0.097,13.06%,0.051
Maharashtra,BULDHANA,18.22%,0.079,8.77%,0.037
Maharashtra,CHANDRAPUR,17.65%,0.076,5.70%,0.024
Maharashtra,DHULE,33.23%,0.167,21.44%,0.099
Maharashtra,GADCHIROLI,20.58%,0.086,12.75%,0.05
Maharashtra,GONDIA,18.75%,0.074,8.49%,0.032
Maharashtra,HINGOLI,28.05%,0.119,12.26%,0.048
Maharashtra,JALGAON,18.60%,0.085,13.39%,0.058
Maharashtra,JALNA,28.65%,0.122,14.12%,0.059
Maharashtra,KOLHAPUR,10.17%,0.041,4.48%,0.017
Maharashtra,LATUR,17.79%,0.073,6.25%,0.025
Maharashtra,MUMBAI,3.59%,0.014,1.21%,0.005
Maharashtra,MUMBAI SUBURBAN,4.65%,0.02,1.15%,0.004
Maharashtra,NAGPUR,6.72%,0.026,1.25%,0.004
Maharashtra,NANDED,27.37%,0.113,12.33%,0.051
Maharashtra,NANDURBAR,52.12%,0.28,46.22%,0.153
Maharashtra,NASHIK,18.31%,0.083,13.46%,0.057
Maharashtra,OSMANABAD,17.75%,0.074,5.34%,0.021
Maharashtra,PALGHAR,,,13.30%,0.062
Maharashtra,PARBHANI,23.28%,0.094,14.92%,0.061
Maharashtra,PUNE,5.29%,0.021,2.92%,0.012
Maharashtra,RAIGAD,10.04%,0.046,8.38%,0.038
Maharashtra,RATNAGIRI,18.47%,0.075,7.64%,0.029
Maharashtra,SANGLI,10.18%,0.041,2.14%,0.008
Maharashtra,SATARA,11.02%,0.044,4.73%,0.019
Maharashtra,SINDHUDURG,15.39%,0.061,5.59%,0.021
Maharashtra,SOLAPUR,12.60%,0.054,7.16%,0.03
Maharashtra,THANE,15.24%,0.071,5.62%,0.024
Maharashtra,WARDHA,8.82%,0.036,2.39%,0.01
Maharashtra,WASHIM,22.53%,0.094,14.54%,0.061
Maharashtra,YAVATMAL,23.54%,0.103,10.48%,0.043
Manipur,BISHNUPUR,13.72%,0.056,6.91%,0.03
Manipur,CHANDEL,26.89%,0.123,14.74%,0.061
Manipur,CHURACHANDPUR,20.86%,0.099,15.35%,0.065
Manipur,IMPHAL EAST,12.87%,0.057,5.19%,0.022
Manipur,IMPHAL WEST,7.27%,0.029,2.12%,0.008
Manipur,SENAPATI,33.58%,0.154,15.60%,0.068
Manipur,TAMENGLONG,37.38%,0.179,18.50%,0.082
Manipur,THOUBAL,16.74%,0.072,7.46%,0.03
Manipur,UKHRUL,28.52%,0.133,17.87%,0.075
Meghalaya,EAST GARO HILLS,41.78%,0.2,14.96%,0.067
Meghalaya,EAST JAINTIA HILLS,46.07%,0.241,50.20%,0.22
Meghalaya,EAST KHASI HILLS,23.39%,0.108,24.10%,0.112
Meghalaya,NORTH GARO HILLS,,,13.26%,0.058
Meghalaya,RI BHOI,46.31%,0.231,31.67%,0.152
Meghalaya,SOUTH GARO HILLS,11.27%,0.047,9.77%,0.041
Meghalaya,SOUTH WEST GARO HILLS,,,18.27%,0.081
Meghalaya,SOUTH WEST KHASI HILLS,,,40.98%,0.183
Meghalaya,WEST GARO HILLS,27.29%,0.128,8.00%,0.034
Meghalaya,WEST JAINTIA HILLS,,,52.08%,0.281
Meghalaya,WEST KHASI HILLS,39.59%,0.185,48.07%,0.252
Mizoram,AIZAWL,1.76%,0.007,0.87%,0.004
Mizoram,CHAMPHAI,10.09%,0.04,1.51%,0.006
Mizoram,KOLASIB,8.44%,0.041,5.25%,0.024
Mizoram,LAWNGTLAI,30.45%,0.161,21.63%,0.105
Mizoram,LUNGLEI,10.16%,0.045,5.15%,0.022
Mizoram,MAMIT,25.29%,0.128,9.29%,0.041
Mizoram,SAIHA,12.69%,0.054,6.90%,0.029
Mizoram,SERCHHIP,3.45%,0.014,3.30%,0.013
Nagaland,DIMAPUR,17.33%,0.086,7.23%,0.032
Nagaland,KIPHIRE,37.33%,0.165,28.19%,0.127
Nagaland,KOHIMA,11.03%,0.045,6.50%,0.025
Nagaland,LONGLENG,33.88%,0.151,26.90%,0.118
Nagaland,MOKOKCHUNG,7.92%,0.032,7.22%,0.028
Nagaland,MON,45.56%,0.224,22.95%,0.098
Nagaland,PEREN,24.58%,0.115,17.46%,0.078
Nagaland,PHEK,27.25%,0.116,17.28%,0.072
Nagaland,TUENSANG,38.33%,0.179,29.21%,0.126
Nagaland,WOKHA,15.35%,0.065,11.99%,0.047
Nagaland,ZUNHEBOTO,23.61%,0.101,20.31%,0.086
Odisha,ANUGUL,24.57%,0.107,13.87%,0.061
Odisha,BALANGIR,27.49%,0.124,9.52%,0.04
Odisha,BALESHWAR,24.43%,0.11,14.21%,0.061
Odisha,BARGARH,24.77%,0.106,11.51%,0.045
Odisha,BAUDH (BOUDH),33.03%,0.145,16.27%,0.068
Odisha,BHADRAK,28.32%,0.123,16.60%,0.066
Odisha,CUTTACK,14.97%,0.065,6.31%,0.025
Odisha,DEOGARH,37.10%,0.177,16.56%,0.07
Odisha,DHENKANAL,29.98%,0.133,15.98%,0.068
Odisha,GAJAPATI,38.76%,0.183,28.14%,0.128
Odisha,GANJAM,21.88%,0.098,6.31%,0.029
Odisha,JAGATSINGHAPUR,11.83%,0.049,3.53%,0.015
Odisha,JAJAPUR,20.75%,0.092,14.10%,0.06
Odisha,JHARSUGUDA,18.41%,0.079,7.09%,0.028
Odisha,KALAHANDI,47.28%,0.226,19.47%,0.083
Odisha,KANDHAMAL,44.75%,0.21,25.30%,0.113
Odisha,KENDRAPARA,21.82%,0.092,8.90%,0.036
Odisha,KENDUJHAR,50.25%,0.209,26.76%,0.128
Odisha,KHORDHA,15.50%,0.069,3.95%,0.017
Odisha,KORAPUT,51.14%,0.265,33.54%,0.157
Odisha,MALKANGIRI,58.66%,0.309,49.50%,0.223
Odisha,MAYURBHANJ,46.90%,0.211,30.57%,0.14
Odisha,NABARANGPUR,59.32%,0.302,33.45%,0.157
Odisha,NAYAGARH,20.49%,0.091,6.63%,0.028
Odisha,NUAPADA,37.80%,0.173,20.19%,0.087
Odisha,PURI,11.64%,0.046,3.29%,0.013
Odisha,RAYAGADA,48.14%,0.244,34.03%,0.165
Odisha,SAMBALPUR,24.37%,0.105,10.05%,0.041
Odisha,SONEPUR,28.05%,0.116,8.68%,0.035
Odisha,SUNDARGARH,24.76%,0.112,14.77%,0.062
Punjab,AMRITSAR,7.42%,0.033,3.37%,0.014
Punjab,BARNALA,5.81%,0.025,5.49%,0.023
Punjab,BATHINDA,5.62%,0.025,8.03%,0.033
Punjab,FARIDKOT,2.96%,0.013,6.04%,0.025
Punjab,FATEHGARH SAHIB,3.49%,0.015,3.10%,0.012
Punjab,FAZILKA,,,8.45%,0.036
Punjab,FEROZEPUR,9.42%,0.041,8.42%,0.037
Punjab,GURDASPUR,5.11%,0.022,5.08%,0.022
Punjab,HOSHIARPUR,4.49%,0.02,1.50%,0.006
Punjab,JALANDHAR,3.26%,0.013,3.58%,0.015
Punjab,KAPURTHALA,5.08%,0.024,5.02%,0.021
Punjab,LUDHIANA,3.83%,0.017,4.59%,0.017
Punjab,MANSA,9.99%,0.042,7.80%,0.035
Punjab,MOGA,8.01%,0.034,5.65%,0.022
Punjab,MUKTSAR (SRI MUKTSAR SAHIB),7.71%,0.034,7.57%,0.032
Punjab,PATHANKOT,,,2.35%,0.009
Punjab,PATIALA,3.75%,0.016,2.95%,0.012
Punjab,RUPNAGAR,2.01%,0.009,2.88%,0.012
Punjab,SAHIBZADA AJIT SINGH NAGAR (S.A.S NAGAR),5.05%,0.024,3.35%,0.014
Punjab,SANGRUR,7.12%,0.031,3.53%,0.014
Punjab,SHAHID BHAGAT SINGH NAGAR,3.56%,0.014,1.31%,0.005
Punjab,TARN TARAN,8.32%,0.038,7.83%,0.032
Rajasthan,AJMER,17.90%,0.08,9.87%,0.041
Rajasthan,ALWAR,29.96%,0.135,20.93%,0.089
Rajasthan,BANSWARA,50.97%,0.254,27.45%,0.124
Rajasthan,BARAN,32.40%,0.144,16.29%,0.071
Rajasthan,BARMER,53.54%,0.281,20.64%,0.087
Rajasthan,BHARATPUR,40.00%,0.191,23.88%,0.105
Rajasthan,BHILWARA,27.23%,0.126,14.93%,0.064
Rajasthan,BIKANER,22.21%,0.105,17.70%,0.078
Rajasthan,BUNDI,33.07%,0.153,18.88%,0.083
Rajasthan,CHITTORGARH,27.72%,0.131,13.11%,0.055
Rajasthan,CHURU,22.79%,0.1,17.32%,0.072
Rajasthan,DAUSA,27.29%,0.117,14.32%,0.058
Rajasthan,DHOLPUR,39.82%,0.183,26.65%,0.115
Rajasthan,DUNGARPUR,49.31%,0.22,17.44%,0.075
Rajasthan,GANGANAGAR,18.23%,0.077,9.43%,0.039
Rajasthan,HANUMANGARH,19.08%,0.087,10.08%,0.04
Rajasthan,JAIPUR,15.07%,0.063,7.40%,0.028
Rajasthan,JAISALMER,50.07%,0.264,22.36%,0.105
Rajasthan,JALORE,40.41%,0.2,17.02%,0.071
Rajasthan,JHALAWAR,32.74%,0.154,16.07%,0.068
Rajasthan,JHUNJHUNU,12.76%,0.055,9.32%,0.035
Rajasthan,JODHPUR,26.77%,0.128,17.02%,0.077
Rajasthan,KARAULI,45.89%,0.183,26.25%,0.113
Rajasthan,KOTA,13.30%,0.06,5.59%,0.023
Rajasthan,NAGAUR,20.79%,0.097,13.08%,0.054
Rajasthan,PALI,23.62%,0.109,9.41%,0.04
Rajasthan,PRATAPGARH,50.28%,0.263,29.68%,0.134
Rajasthan,RAJSAMAND,29.42%,0.135,12.96%,0.055
Rajasthan,SAWAI MADHOPUR,33.25%,0.151,18.66%,0.08
Rajasthan,SIKAR,14.27%,0.062,9.09%,0.038
Rajasthan,SIROHI,50.59%,0.211,19.62%,0.093
Rajasthan,TONK,25.23%,0.108,14.72%,0.059
Rajasthan,UDAIPUR,47.53%,0.25,14.45%,0.063
Sikkim,GANGTOK,3.90%,0.016,2.12%,0.008
Sikkim,GYALSHING,4.66%,0.02,2.77%,0.011
Sikkim,MANGAN,4.47%,0.019,5.17%,0.021
Sikkim,NAMCHI,2.74%,0.011,2.90%,0.013
Tamil Nadu,ARIYALUR,8.71%,0.034,3.53%,0.014
Tamil Nadu,CHENNAI,0.93%,0.004,1.03%,0.004
Tamil Nadu,COIMBATORE,2.29%,0.009,0.96%,0.004
Tamil Nadu,CUDDALORE,6.28%,0.025,3.75%,0.014
Tamil Nadu,DHARMAPURI,5.26%,0.021,2.10%,0.008
Tamil Nadu,DINDIGUL,4.16%,0.016,4.52%,0.018
Tamil Nadu,ERODE,2.73%,0.012,1.40%,0.005
Tamil Nadu,KANCHIPURAM,2.97%,0.011,1.23%,0.005
Tamil Nadu,KANNIYAKUMARI,1.52%,0.005,0.67%,0.002
Tamil Nadu,KARUR,4.40%,0.018,3.11%,0.012
Tamil Nadu,KRISHNAGIRI,4.90%,0.02,2.19%,0.009
Tamil Nadu,MADURAI,5.82%,0.023,1.88%,0.007
Tamil Nadu,NAGAPATTINAM,8.18%,0.033,3.31%,0.013
Tamil Nadu,NAMAKKAL,2.59%,0.011,1.39%,0.005
Tamil Nadu,PERAMBALUR,7.61%,0.03,1.78%,0.007
Tamil Nadu,PUDUKKOTTAI,11.14%,0.044,4.63%,0.018
Tamil Nadu,RAMANATHAPURAM,6.53%,0.027,2.47%,0.009
Tamil Nadu,SALEM,6.56%,0.029,1.94%,0.007
Tamil Nadu,SIVAGANGA,8.64%,0.033,3.96%,0.015
Tamil Nadu,THANJAVUR,7.23%,0.028,2.45%,0.01
Tamil Nadu,THE NILGIRIS,2.03%,0.008,1.33%,0.005
Tamil Nadu,THENI,4.76%,0.019,1.91%,0.007
Tamil Nadu,THIRUVALLUR,2.53%,0.01,1.18%,0.005
Tamil Nadu,THIRUVARUR,6.79%,0.027,2.76%,0.011
Tamil Nadu,THOOTHUKKUDI (TUTICORIN),7.90%,0.032,2.69%,0.011
Tamil Nadu,TIRUCHIRAPPALLI,3.73%,0.014,2.92%,0.011
Tamil Nadu,TIRUNELVELI,5.52%,0.022,1.96%,0.008
Tamil Nadu,TIRUPPUR,3.11%,0.012,1.94%,0.007
Tamil Nadu,TIRUVANNAMALAI,5.92%,0.024,2.37%,0.01
Tamil Nadu,VELLORE,3.16%,0.012,1.09%,0.004
Tamil Nadu,VILLUPURAM,9.29%,0.038,3.62%,0.015
Tamil Nadu,VIRUDHUNAGAR,7.99%,0.031,3.02%,0.011
Telangana,ADILABAD,27.12%,0.125,14.24%,0.064
Telangana,BHADRADRI KOTHAGUDEM,,,4.33%,0.017
Telangana,HYDERABAD,4.21%,0.017,2.52%,0.009
Telangana,JAGITIAL,,,4.77%,0.021
Telangana,JANGOAN,,,2.91%,0.011
Telangana,JAYASHANKAR BHUPALAPALLY,,,6.33%,0.027
Telangana,JOGULAMBA GADWAL,,,15.37%,0.063
Telangana,KAMAREDDY,,,11.90%,0.049
Telangana,KARIMNAGAR,8.65%,0.036,2.50%,0.01
Telangana,KHAMMAM,13.75%,0.058,3.18%,0.014
Telangana,KUMURAM BHEEM ASIFABAD,,,16.59%,0.071
Telangana,MAHABUBABAD,,,6.45%,0.025
Telangana,MAHABUBNAGAR,24.72%,0.108,10.27%,0.041
Telangana,MANCHERIAL,,,4.43%,0.018
Telangana,MEDAK,17.87%,0.076,9.34%,0.037
Telangana,MEDCHAL-MALKAJGIRI,,,3.06%,0.012
Telangana,NAGARKURNOOL,,,5.95%,0.024
Telangana,NALGONDA,13.35%,0.059,4.40%,0.017
Telangana,NIRMAL,,,7.14%,0.03
Telangana,NIZAMABAD,21.06%,0.094,6.76%,0.028
Telangana,PEDDAPALLI,,,2.17%,0.008
Telangana,RAJANNA SIRCILLA,,,3.68%,0.015
Telangana,RANGA REDDY,5.31%,0.022,3.83%,0.016
Telangana,SANGAREDDY,,,7.09%,0.03
Telangana,SIDDIPET,,,3.39%,0.013
Telangana,SURYAPET,,,3.89%,0.015
Telangana,VIKARABAD,,,12.50%,0.05
Telangana,WANAPARTHY,,,8.86%,0.038
Telangana,WARANGAL,12.12%,0.049,,
Telangana,WARANGAL RURAL,,,6.45%,0.025
Telangana,WARANGAL URBAN,,,2.41%,0.01
Telangana,YADADRI BHUVANAGIRI,,,4.24%,0.016
Tripura,DHALAI,26.23%,0.124,21.89%,0.096
Tripura,GOMATI,,,9.06%,0.037
Tripura,KHOWAI,,,17.27%,0.073
Tripura,NORTH TRIPURA,30.65%,0.146,17.85%,0.078
Tripura,SEPAHIJALA,,,12.27%,0.049
Tripura,SOUTH TRIPURA,17.03%,0.072,11.89%,0.054
Tripura,UNAKOTI,,,24.92%,0.109
Tripura,WEST TRIPURA,8.97%,0.039,6.00%,0.024
Uttar Pradesh,AGRA,32.83%,0.154,18.20%,0.08
Uttar Pradesh,ALIGARH,37.26%,0.173,22.00%,0.095
Uttar Pradesh,ALLAHABAD (PRAYAGRAJ),32.77%,0.153,21.21%,0.094
Uttar Pradesh,AMBEDKAR NAGAR,34.03%,0.148,21.00%,0.085
Uttar Pradesh,AMETHI,,,28.96%,0.131
Uttar Pradesh,AURAIYA,29.82%,0.134,19.28%,0.084
Uttar Pradesh,AZAMGARH,32.77%,0.142,17.14%,0.071
Uttar Pradesh,BAGHPAT,21.08%,0.099,13.64%,0.06
Uttar Pradesh,BAHRAICH,71.85%,0.391,54.44%,0.285
Uttar Pradesh,BALLIA,37.11%,0.167,19.97%,0.087
Uttar Pradesh,BALRAMPUR,69.45%,0.373,41.55%,0.209
Uttar Pradesh,BANDA,40.18%,0.185,33.80%,0.154
Uttar Pradesh,BARABANKI,44.77%,0.221,31.68%,0.145
Uttar Pradesh,BAREILLY,38.58%,0.19,23.39%,0.106
Uttar Pradesh,BASTI,43.26%,0.199,19.89%,0.087
Uttar Pradesh,BIJNOR,29.76%,0.134,16.42%,0.07
Uttar Pradesh,BUDAUN,57.10%,0.298,40.37%,0.188
Uttar Pradesh,BULANDSHAHR,32.88%,0.153,17.44%,0.074
Uttar Pradesh,CHANDAULI,37.91%,0.168,25.41%,0.113
Uttar Pradesh,CHITRAKOOT,52.81%,0.254,31.41%,0.141
Uttar Pradesh,DEORIA,31.36%,0.142,16.09%,0.068
Uttar Pradesh,ETAH,38.47%,0.175,25.63%,0.11
Uttar Pradesh,ETAWAH,27.29%,0.116,15.99%,0.064
Uttar Pradesh,FAIZABAD (AYODHYA),38.73%,0.178,17.79%,0.078
Uttar Pradesh,FARRUKHABAD,39.18%,0.188,25.44%,0.112
Uttar Pradesh,FATEHPUR,42.63%,0.202,27.38%,0.123
Uttar Pradesh,FIROZABAD,32.03%,0.149,19.06%,0.08
Uttar Pradesh,GAUTAM BUDDHA NAGAR,15.17%,0.067,12.16%,0.048
Uttar Pradesh,GHAZIABAD,16.59%,0.075,6.93%,0.03
Uttar Pradesh,GHAZIPUR,41.04%,0.184,18.22%,0.073
Uttar Pradesh,GONDA,59.26%,0.301,29.71%,0.135
Uttar Pradesh,GORAKHPUR,26.17%,0.121,15.83%,0.069
Uttar Pradesh,HAMIRPUR,30.92%,0.136,17.29%,0.071
Uttar Pradesh,HAPUR,,,12.60%,0.053
Uttar Pradesh,HARDOI,51.16%,0.246,34.14%,0.155
Uttar Pradesh,JALAUN,27.64%,0.121,18.12%,0.077
Uttar Pradesh,JAUNPUR,40.78%,0.179,16.13%,0.064
Uttar Pradesh,JHANSI,20.17%,0.089,15.14%,0.063
Uttar Pradesh,JYOTIBA PHULE NAGAR (AMROHA),34.84%,0.168,21.11%,0.096
Uttar Pradesh,KANNAUJ,43.50%,0.206,28.90%,0.124
Uttar Pradesh,KANPUR DEHAT,37.98%,0.167,20.68%,0.091
Uttar Pradesh,KANPUR NAGAR,14.32%,0.063,9.11%,0.039
Uttar Pradesh,KASGANJ,47.81%,0.237,31.43%,0.142
Uttar Pradesh,KAUSHAMBI,56.06%,0.291,30.31%,0.144
Uttar Pradesh,KHERI,59.95%,0.308,34.73%,0.159
Uttar Pradesh,KUSHI NAGAR,42.82%,0.197,20.54%,0.091
Uttar Pradesh,LALITPUR,35.98%,0.159,29.98%,0.131
Uttar Pradesh,LUCKNOW,12.16%,0.054,8.48%,0.036
Uttar Pradesh,MAHAMAYA NAGAR (HATHRAS),32.35%,0.142,22.39%,0.096
Uttar Pradesh,MAHRAJGANJ,49.12%,0.225,19.47%,0.085
Uttar Pradesh,MAHOBA,35.29%,0.154,23.81%,0.103
Uttar Pradesh,MAINPURI,31.41%,0.139,18.03%,0.077
Uttar Pradesh,MATHURA,33.78%,0.15,22.42%,0.097
Uttar Pradesh,MAU,32.63%,0.146,13.36%,0.056
Uttar Pradesh,MEERUT,21.10%,0.096,13.24%,0.059
Uttar Pradesh,MIRZAPUR,42.73%,0.201,22.00%,0.095
Uttar Pradesh,MORADABAD,36.85%,0.177,17.80%,0.081
Uttar Pradesh,MUZAFFARNAGAR,29.85%,0.143,12.91%,0.059
Uttar Pradesh,PILIBHIT,43.26%,0.207,22.54%,0.098
Uttar Pradesh,PRATAPGARH,36.94%,0.166,21.29%,0.092
Uttar Pradesh,RAE BARELI,34.10%,0.16,22.37%,0.097
Uttar Pradesh,RAMPUR,38.89%,0.193,23.03%,0.103
Uttar Pradesh,SAHARANPUR,28.52%,0.139,17.86%,0.078
Uttar Pradesh,SAMBHAL,,,35.06%,0.164
Uttar Pradesh,SANT KABEER NAGAR,43.79%,0.205,22.57%,0.101
Uttar Pradesh,SANT RAVIDAS NAGAR (BHADOHI),42.19%,0.192,22.04%,0.094
Uttar Pradesh,SHAHJAHANPUR,50.52%,0.247,32.57%,0.146
Uttar Pradesh,SHAMLI,,,22.45%,0.102
Uttar Pradesh,SHRAVASTI,74.35%,0.412,49.62%,0.249
Uttar Pradesh,SIDDHARTH NAGAR,57.24%,0.286,37.67%,0.179
Uttar Pradesh,SITAPUR,56.71%,0.281,40.15%,0.189
Uttar Pradesh,SONBHADRA,48.35%,0.243,30.55%,0.141
Uttar Pradesh,SULTANPUR,36.23%,0.171,22.32%,0.093
Uttar Pradesh,UNNAO,40.79%,0.192,22.96%,0.107
Uttar Pradesh,VARANASI,26.00%,0.116,15.26%,0.066
Uttarakhand,ALMORA,25.65%,0.103,9.47%,0.036
Uttarakhand,BAGESHWAR,19.99%,0.082,7.50%,0.029
Uttarakhand,CHAMOLI,16.78%,0.069,6.81%,0.025
Uttarakhand,CHAMPAWAT,22.41%,0.1,9.59%,0.037
Uttarakhand,DEHRADUN,6.88%,0.031,3.02%,0.012
Uttarakhand,GARHWAL (PAURI GARHWAL),11.93%,0.048,8.91%,0.034
Uttarakhand,HARIDWAR,24.70%,0.117,16.29%,0.07
Uttarakhand,NAINITAL,13.39%,0.058,10.09%,0.047
Uttarakhand,PITHORAGARH,13.96%,0.057,6.48%,0.025
Uttarakhand,RUDRAPRAYAG,13.91%,0.056,5.14%,0.021
Uttarakhand,TEHRI GARHWAL,19.53%,0.079,7.94%,0.031
Uttarakhand,UDHAM SINGH NAGAR,22.98%,0.105,11.26%,0.049
Uttarakhand,UTTARKASHI,24.28%,0.108,9.54%,0.038
West Bengal,BANKURA,26.99%,0.121,18.49%,0.078
West Bengal,BARDDHAMAN,47.06%,0.096,,
West Bengal,BIRBHUM,45.69%,0.125,18.27%,0.082
West Bengal,DAKSHIN DINAJPUR (DINAJPUR DAKSHIN),22.48%,0.099,13.37%,0.057
West Bengal,DARJEELING,44.84%,0.051,5.45%,0.023
West Bengal,HOWRAH,45.02%,0.058,6.06%,0.025
West Bengal,HUGLI (HOOGHLY),14.93%,0.066,7.36%,0.03
West Bengal,JALPAIGURI,45.53%,0.099,8.85%,0.037
West Bengal,KOCH BIHAR (COOCHBEHAR),21.90%,0.099,10.31%,0.042
West Bengal,KOLKATA,2.72%,0.012,2.56%,0.01
West Bengal,MALDAH,45.74%,0.158,42.91%,0.067
West Bengal,MURSHIDABAD,45.94%,0.125,43.18%,0.071
West Bengal,NADIA,42.79%,0.047,8.20%,0.033
West Bengal,NORTH 24 PARGANAS,41.37%,0.041,4.37%,0.018
West Bengal,PASCHIM BARDHAMAN,,,11.20%,0.048
West Bengal,PASCHIM MEDINIPUR (MEDINIPUR WEST),43.50%,0.104,18.14%,0.077
West Bengal,PURBA BARDHAMAN,,,14.32%,0.059
West Bengal,PURBA MEDINIPUR (MEDINIPUR EAST),42.68%,0.061,12.48%,0.051
West Bengal,PURULIYA,49.69%,0.236,43.74%,0.117
West Bengal,SOUTH 24 PARGANAS,45.71%,0.128,10.96%,0.045
West Bengal,UTTAR DINAJPUR (DINJAPUR UTTAR),49.79%,0.213,45.61%,0.099
Andaman & Nicobar,NICOBARS,5.28%,0.019,3.40%,0.013
Andaman & Nicobar,NORTH & MIDDLE ANDAMAN,9.32%,0.039,4.39%,0.019
Andaman & Nicobar,SOUTH ANDAMANS,2.20%,0.009,1.15%,0.004
Chandigarh,CHANDIGARH,5.97%,0.026,3.52%,0.017
Dadra & Nagar Haveli,DADRA & NAGAR HAVELI,26.40%,0.117,10.79%,0.045
Dadra & Nagar Haveli,DAMAN,7.15%,0.032,6.57%,0.029
Dadra & Nagar Haveli,DIU,4.34%,0.016,1.62%,0.006
Delhi,CENTRAL,3.84%,0.017,3.88%,0.016
Delhi,EAST,4.06%,0.017,2.79%,0.012
Delhi,NEW DELHI,4.16%,0.018,4.83%,0.019
Delhi,NORTH,2.41%,0.01,6.26%,0.026
Delhi,NORTH EAST,7.35%,0.031,3.69%,0.015
Delhi,NORTH WEST,6.84%,0.032,2.05%,0.008
Delhi,SHAHDARA,,,1.52%,0.006
Delhi,SOUTH,4.69%,0.02,1.29%,0.007
Delhi,SOUTH EAST,,,2.69%,0.011
Delhi,SOUTH WEST,2.17%,0.01,3.45%,0.015
Delhi,WEST,2.29%,0.01,4.68%,0.02
Jammu & Kashmir,ANANTNAG,8.36%,0.039,3.07%,0.014
Jammu & Kashmir,BADGAM (BUDGAM),6.84%,0.029,5.20%,0.02
Jammu & Kashmir,BANDIPORA,11.07%,0.05,5.36%,0.024
Jammu & Kashmir,BARAMULLA,7.06%,0.03,6.68%,0.028
Jammu & Kashmir,DODA,28.71%,0.135,7.71%,0.032
Jammu & Kashmir,GANDERBAL,7.82%,0.034,3.46%,0.015
Jammu & Kashmir,JAMMU,6.97%,0.03,0.49%,0.003
Jammu & Kashmir,KATHUA,13.08%,0.057,2.70%,0.011
Jammu & Kashmir,KISHTWAR,24.29%,0.111,10.59%,0.045
Jammu & Kashmir,KULGAM,7.43%,0.033,3.97%,0.018
Jammu & Kashmir,KUPWARA,16.08%,0.067,4.97%,0.02
Jammu & Kashmir,PULWAMA,3.79%,0.016,2.09%,0.008
Jammu & Kashmir,PUNCH (POONCH),24.27%,0.106,6.65%,0.026
Jammu & Kashmir,RAJOURI,27.41%,0.123,8.07%,0.034
Jammu & Kashmir,RAMBAN,35.26%,0.163,14.86%,0.064
Jammu & Kashmir,REASI,21.92%,0.097,11.40%,0.049
Jammu & Kashmir,SAMBA,9.67%,0.041,2.30%,0.01
Jammu & Kashmir,SHOPIAN,6.51%,0.028,1.54%,0.006
Jammu & Kashmir,SRINAGAR,1.51%,0.006,1.34%,0.005
Jammu & Kashmir,UDHAMPUR,26.83%,0.117,10.23%,0.044
Ladakh,KARGIL,19.29%,0.079,3.70%,0.015
Ladakh,LEH LADAKH,5.37%,0.021,3.35%,0.014
Lakshadweep,LAKSHADWEEP,1.82%,0.007,1.11%,0.004
Puducherry,KARAIKAL,3.13%,0.011,2.28%,0.009
Puducherry,MAHE,0.08%,0.0,0.19%,0.001
Puducherry,PUDUCHERRY,1.30%,0.005,0.30%,0.001
Puducherry,YANAM,5.06%,0.021,3.95%,0.015
